INSERT OR IGNORE INTO resources (id, slug, name, category, price_range, summary, description, recommended)
VALUES
  (
    'r_001',
    'media-buying-ops',
    '媒介投放代运营（信息流/效果）',
    'media_buying',
    '¥20,000 起 / 月',
    '适用于增长期品牌的投放策略与账户代运营。',
    '提供从策略、素材、账户搭建到数据复盘的一体化投放代运营服务，覆盖主流信息流平台，强调可复制的测试框架与成本控制。',
    1
  ),
  (
    'r_002',
    'kol-koc-matching',
    'KOL/KOC 达人匹配与带货',
    'kol_koc',
    '按项目报价',
    '面向内容种草与转化链路的达人资源对接。',
    '基于行业、品类、人群与平台匹配达人，提供报价、脚本建议、排期管理与结果追踪，支持短视频与直播带货合作。',
    1
  ),
  (
    'r_003',
    'seo-growth',
    'SEO 增长与内容策略',
    'seo',
    '¥15,000 起 / 月',
    '从关键词到内容矩阵，持续获取自然流量。',
    '包含关键词体系搭建、站内结构优化、内容选题规划与发布节奏，适合长期增长与品牌搜索心智建设。',
    0
  ),
  (
    'r_004',
    'overseas-launch',
    '海外增长启动包（TikTok/Meta）',
    'overseas',
    'US$5,000 起 / 月',
    '面向出海初期团队的一站式增长试跑。',
    '提供账户搭建、像素与事件配置、素材测试、投放策略与周报复盘，覆盖 TikTok 与 Meta，强调低成本验证与节奏把控。',
    0
  );

INSERT OR IGNORE INTO resource_tags (resource_id, tag)
VALUES
  ('r_001', '效果投放'),
  ('r_001', '数据复盘'),
  ('r_001', '素材测试'),
  ('r_002', '达人资源'),
  ('r_002', '种草'),
  ('r_002', '带货'),
  ('r_003', '自然流量'),
  ('r_003', '内容矩阵'),
  ('r_004', '出海'),
  ('r_004', 'TikTok'),
  ('r_004', 'Meta');

INSERT OR IGNORE INTO resource_regions (resource_id, region)
VALUES
  ('r_001', '中国'),
  ('r_001', '东南亚'),
  ('r_002', '中国'),
  ('r_002', '东南亚'),
  ('r_003', '全球'),
  ('r_004', '北美'),
  ('r_004', '欧洲');

INSERT OR IGNORE INTO resource_scenarios (resource_id, scenario)
VALUES
  ('r_001', '拉新'),
  ('r_001', 'ROI 优化'),
  ('r_002', '新品种草'),
  ('r_002', '直播带货'),
  ('r_003', '品牌长期增长'),
  ('r_004', '出海冷启动');

INSERT OR IGNORE INTO resource_advantages (resource_id, advantage)
VALUES
  ('r_001', '可复制的测试节奏与账户结构'),
  ('r_001', '按周复盘，持续压低 CPA'),
  ('r_002', '达人筛选与内容调性把控'),
  ('r_002', '排期与交付流程标准化'),
  ('r_003', '关键词体系与内容矩阵协同'),
  ('r_004', '像素与事件链路搭建，快速验证投放方向');

INSERT OR IGNORE INTO resource_cases (resource_id, title, result)
VALUES
  ('r_001', 'DTC 品牌投放重构', '3 周内 CPA 下降 28%，素材胜率提升至 22%。'),
  ('r_002', '美妆新品达人矩阵', '14 天完成 120 位达人排期，带动自然转化与搜索增长。'),
  ('r_004', '出海试跑计划', '首月跑通 3 条素材方向，完成海外首批付费用户验证。');

INSERT OR IGNORE INTO articles (id, slug, title, cover, topic, summary, content_md)
VALUES
  (
    'a_001',
    'growth-brief-001',
    '增长简报：如何搭建可复用的投放测试框架',
    '/favicon.svg',
    '增长方法',
    '把投放当作实验系统，先定义假设，再建立测试节奏与复盘模板。',
    '把投放当作实验系统：\n\n1. 明确目标指标（CPA/ROAS/LTV）。\n2. 拆分变量：受众、素材、落地页、出价与频控。\n3. 以 7 天为单位做循环：测试-放量-复盘-沉淀。\n\n最终产出应该是可复用的测试表格与决策规则。'
  ),
  (
    'a_002',
    'channel-map-001',
    '渠道地图：从信息流到内容种草的协同路径',
    '/favicon.svg',
    '渠道解析',
    '把信息流、达人与内容策略放在同一张图里，优化从认知到转化的链路。',
    '协同的关键在于统一信息结构：\n\n- 首屏主张一致\n- 内容话术可复用\n- 复盘指标可对齐\n\n当渠道协同发生时，成本会下降，转化会更稳定。'
  ),
  (
    'a_003',
    'overseas-watch-001',
    '出海观察：TikTok 与 Meta 的试跑策略',
    '/favicon.svg',
    '出海观察',
    '用更小预算跑通素材方向与事件链路，比盲目放量更重要。',
    '出海试跑建议：\n\n1) 先把像素与事件链路跑通\n2) 先测素材，再测受众\n3) 每周沉淀“可复用素材结构”\n\n成功的标志是：你知道下一周要验证什么。'
  ),
  (
    'a_004',
    'resource-notes-001',
    '资源笔记：如何评估一个服务商是否靠谱',
    '/favicon.svg',
    '资源笔记',
    '从交付边界、案例可验证性、沟通节奏三方面建立判断框架。',
    '评估服务商三问：\n\n- 交付边界是否清晰？\n- 案例是否可验证、可复用？\n- 复盘节奏是否稳定？\n\n把问题问清楚，合作成本会大幅降低。'
  );
